id,date,hour_local,lat,lon,quality_grade,month,year,day_of_year,temp_f,humidity,wind_mph,solar_radiation,cloud_cover
19022759,2009-03-12,,37.8052370966,-122.4770580238,research,3,2009,71,48.2,96,3.2,267.0,100
19022720,2009-03-26,,37.789326379,-122.4791866285,research,3,2009,85,54.6,77,9.7,428.0,5
13586717,2010-03-18,22.0,37.7993289825,-122.4802143533,research,3,2010,77,59.6,54,7.9,0.0,0
19022789,2010-03-19,,37.7982452889,-122.480657301,research,3,2010,78,62.5,41,5.6,432.0,0
12725,2010-04-24,,37.7523600023,-122.4707794189,research,4,2010,114,53.9,69,6.0,596.0,0
65050246,2011-05-03,13.0,37.7466114394,-122.4691718819,research,5,2011,123,60.5,56,3.8,977.0,0
215209,2013-03-09,15.0,37.748813,-122.471466,research,3,2013,68,57.1,60,8.8,762.0,0
217546,2013-03-16,,37.7522534039,-122.4707633257,research,3,2013,75,51.7,75,3.7,359.0,19
380673,2013-04-09,14.0,37.798128,-122.480553,research,4,2013,99,69.3,30,13.0,925.0,0
241468,2013-04-20,10.0,37.7488333333,-122.4715,research,4,2013,110,57.9,62,4.1,574.0,0
574820,2014-03-18,19.0,37.8052943,-122.4278322,casual,3,2014,77,58.7,59,6.8,120.0,0
591787,2014-03-20,21.0,37.7880172729,-122.4803695679,research,3,2014,79,53.6,83,6.3,0.0,85
581222,2014-03-21,12.0,37.791183,-122.484261,research,3,2014,80,57.5,66,4.8,722.0,29
577738,2014-03-21,14.0,37.7912333333,-122.48407,research,3,2014,80,61.1,59,6.9,847.0,7
583379,2014-03-24,14.0,37.788028,-122.478715,research,3,2014,83,64.1,56,5.9,819.0,17
587354,2014-03-28,12.0,37.7922333333,-122.4834833333,research,3,2014,87,62.4,66,11.1,469.0,75
587361,2014-03-28,12.0,37.7913966667,-122.4837583333,research,3,2014,87,62.3,66,11.1,469.0,75
587596,2014-03-28,13.0,37.7910583333,-122.4841833333,research,3,2014,87,63.1,63,11.5,482.0,98
592564,2014-03-28,14.0,37.7911666667,-122.484,research,3,2014,87,63.8,61,12.7,558.0,99
602692,2014-04-16,14.0,37.7489783333,-122.4713883333,research,4,2014,106,65.1,58,8.2,924.0,54
659627,2014-05-04,,37.7741083527,-122.4778709321,research,5,2014,124,58.6,76,10.8,518.0,100
660041,2014-05-04,,37.75449,-122.470741,research,5,2014,124,57.1,76,10.3,509.0,99
660440,2014-05-04,,37.758043,-122.47154,research,5,2014,124,57.6,76,10.3,509.0,99
660263,2014-05-04,10.0,37.757434,-122.470842,research,5,2014,124,57.5,76,10.3,509.0,99
658746,2014-05-04,11.0,37.7580633333,-122.472695,research,5,2014,124,58.6,73,10.1,568.0,99
658745,2014-05-04,12.0,37.7536783333,-122.470925,research,5,2014,124,58.5,72,10.3,701.0,97
1237844,2015-02-16,12.0,37.7488366667,-122.4714883333,research,2,2015,47,58.3,78,2.5,536.0,5
1237845,2015-02-16,13.0,37.7543116667,-122.4711383333,research,2,2015,47,60.4,75,3.1,649.0,5
1275572,2015-03-05,15.0,37.79815515,-122.479492,research,3,2015,64,66.7,44,4.9,734.0,0
1298647,2015-03-06,11.0,37.758105,-122.47265,research,3,2015,65,58.6,62,3.9,550.0,0
1299455,2015-03-13,15.0,37.798786,-122.481017,research,3,2015,72,71.2,50,0.9,720.0,100
1308999,2015-03-21,10.0,37.7775715555,-122.5447850343,research,3,2015,80,59.0,84,5.1,348.0,94
1338660,2015-03-25,11.0,37.787617,-122.477809,research,3,2015,84,63.0,61,3.0,615.0,0
1353506,2015-03-29,14.0,37.789453,-122.480881,research,3,2015,88,71.1,42,7.4,886.0,0
2734044,2016-02-23,11.0,37.798137,-122.479448,research,2,2016,54,56.6,76,5.2,445.0,71
2722329,2016-02-27,12.0,37.78817,-122.4779666667,research,2,2016,58,58.5,73,3.8,613.0,14
2722660,2016-02-27,14.0,37.7922466667,-122.457655,research,2,2016,58,62.0,61,3.3,727.0,42
2783177,2016-03-14,14.0,37.7544666667,-122.4707416667,research,3,2016,74,55.0,62,9.2,534.0,99
2783792,2016-03-14,15.0,37.7546883333,-122.4708166667,research,3,2016,74,55.0,62,9.1,519.0,87
195797792,2016-03-16,7.0,37.7489,-122.471305,research,3,2016,76,44.6,95,0.6,0.0,65
2827186,2016-03-24,10.0,37.8165966667,-122.4620366667,research,3,2016,84,58.6,67,7.9,431.0,73
2861882,2016-03-31,12.0,37.797628,-122.479389,needs_id,3,2016,91,56.6,72,5.6,754.0,0
2886536,2016-04-05,12.0,37.747233,-122.468682,research,4,2016,96,63.8,48,7.1,831.0,0
2940902,2016-04-11,11.0,37.748795,-122.471505,research,4,2016,102,55.2,79,4.3,287.0,100
2977763,2016-04-19,14.0,37.787734,-122.477769,research,4,2016,110,74.5,26,4.8,923.0,99
3174549,2016-05-01,16.0,37.7555274026,-122.4721985493,research,5,2016,122,64.8,56,7.4,773.0,27
4787354,2016-12-17,11.0,37.7488209308,-122.4716416654,research,12,2016,352,44.9,65,1.6,313.0,0
5420577,2017-03-21,15.0,37.791287241,-122.4756246204,research,3,2017,80,59.8,73,21.0,763.0,20
5693346,2017-03-22,9.0,37.7905654907,-122.4757156372,research,3,2017,81,52.9,76,8.9,158.0,93
5480228,2017-03-27,12.0,37.79156404,-122.47591751,research,3,2017,86,57.8,57,14.5,779.0,63
5509861,2017-03-30,9.0,37.7944566859,-122.4781991926,research,3,2017,89,53.4,64,15.0,270.0,0
5557897,2017-04-03,13.0,37.7880017593,-122.4770269402,research,4,2017,93,55.8,76,11.0,910.0,28
5558602,2017-04-03,14.0,37.7915371185,-122.4755969179,research,4,2017,93,58.2,70,14.6,921.0,64
5731297,2017-04-15,13.0,37.7542923438,-122.4709664193,research,4,2017,105,54.1,73,5.9,892.0,99
5747723,2017-04-15,13.0,37.7537805556,-122.4708166667,research,4,2017,105,54.1,73,5.9,892.0,99
5892837,2017-04-15,13.0,37.7563916667,-122.4716055556,research,4,2017,105,54.0,73,5.9,892.0,99
5747717,2017-04-15,13.0,37.7545994562,-122.470795512,research,4,2017,105,53.9,73,5.9,892.0,99
5747715,2017-04-15,13.0,37.7537805556,-122.4708166667,research,4,2017,105,54.1,73,5.9,892.0,99
5750301,2017-04-15,13.0,37.7544666667,-122.4708166667,research,4,2017,105,54.1,73,5.9,892.0,99
5892872,2017-04-15,13.0,37.7560444444,-122.4715611111,research,4,2017,105,54.0,73,5.9,892.0,99
5895625,2017-04-21,13.0,37.7542944444,-122.4713361111,research,4,2017,111,60.4,71,4.2,949.0,9
5962611,2017-04-25,9.0,37.7900188697,-122.4729600468,research,4,2017,115,55.5,73,10.3,306.0,79
6115715,2017-05-03,14.0,37.7916333333,-122.4760666667,research,5,2017,123,66.1,80,12.7,931.0,29
10451316,2018-03-27,10.0,37.7932683355,-122.4549224416,research,3,2018,86,55.8,62,1.6,446.0,0
10475509,2018-03-28,10.0,37.7917514259,-122.4758643843,research,3,2018,87,59.0,65,5.5,446.0,0
10510897,2018-03-30,11.0,37.7926127787,-122.4561835573,research,3,2018,89,62.4,78,1.4,589.0,99
10606841,2018-04-03,11.0,37.7931833333,-122.4572833333,research,4,2018,93,54.5,86,7.3,665.0,16
10665552,2018-04-04,13.0,37.7907267259,-122.4729627371,research,4,2018,94,54.7,78,15.8,861.0,98
10737541,2018-04-09,13.0,37.7924116667,-122.4577333333,research,4,2018,99,65.8,64,6.3,882.0,39
10760202,2018-04-09,13.0,37.7928004868,-122.4764227867,research,4,2018,99,64.8,64,6.3,882.0,39
76289215,2018-04-09,13.0,37.7958045532,-122.4738041409,research,4,2018,99,64.5,64,6.3,882.0,39
10744062,2018-04-09,15.0,37.7916133333,-122.4759533333,research,4,2018,99,66.9,60,8.3,817.0,99
10746180,2018-04-09,15.0,37.791605,-122.4758833333,research,4,2018,99,66.9,60,8.3,817.0,99
10920501,2018-04-14,14.0,37.7505008318,-122.4703998027,research,4,2018,104,54.9,84,12.3,915.0,0
11080912,2018-04-17,13.0,37.7938260715,-122.4768922765,research,4,2018,107,55.7,59,4.9,931.0,0
11649475,2018-04-28,10.0,37.7880058289,-122.4821853638,research,4,2018,118,56.5,79,8.4,552.0,14
11675759,2018-04-28,11.0,37.8010988869,-122.4798989296,research,4,2018,118,57.0,77,12.8,669.0,17
11871985,2018-04-29,11.0,37.7489318848,-122.4717025757,research,4,2018,119,54.3,79,17.9,576.0,32
21268954,2019-03-15,15.0,37.7981116667,-122.4792333333,research,3,2019,74,61.8,50,6.9,766.0,0
21683676,2019-03-26,15.0,37.7963,-122.48178,research,3,2019,85,56.8,82,7.5,772.0,64
21889787,2019-03-31,13.0,37.7488533333,-122.47158,research,3,2019,90,56.6,91,6.1,860.0,21
22939131,2019-03-31,13.0,37.7607369,-122.4679536,research,3,2019,90,58.2,91,6.1,860.0,21
21856517,2019-03-31,13.0,37.7564084,-122.4717396,research,3,2019,90,56.6,91,6.1,860.0,21
21852211,2019-03-31,15.0,37.7563219839,-122.4731432643,research,3,2019,90,57.0,86,8.3,826.0,23
22010023,2019-04-04,10.0,37.7544533333,-122.4708116667,research,4,2019,94,53.3,85,9.1,180.0,100
22010108,2019-04-04,10.0,37.7544533333,-122.4708116667,research,4,2019,94,53.3,85,9.1,180.0,100
22142792,2019-04-06,14.0,37.7895083333,-122.48088,research,4,2019,96,59.9,82,12.9,536.0,65
22257343,2019-04-09,14.0,37.7918334803,-122.4755734246,research,4,2019,99,60.1,59,19.9,900.0,9
22290098,2019-04-10,10.0,37.7925931153,-122.4551161599,research,4,2019,100,55.6,63,5.3,522.0,0
22582884,2019-04-16,16.0,37.7902490156,-122.475952098,research,4,2019,106,59.0,67,19.5,763.0,64
22644040,2019-04-17,13.0,37.7878,-122.4800416667,research,4,2019,107,56.1,91,9.1,909.0,31
22716002,2019-04-17,15.0,37.8060574566,-122.4770537764,research,4,2019,107,56.5,82,12.5,869.0,15
22665049,2019-04-18,10.0,37.79213207,-122.4577729846,research,4,2019,108,56.5,89,2.7,537.0,0
22790354,2019-04-20,13.0,37.8005333333,-122.480255,research,4,2019,110,58.2,76,24.9,948.0,0
22780015,2019-04-20,14.0,37.7895,-122.4809033333,research,4,2019,110,56.2,79,26.0,958.0,0
22904310,2019-04-22,12.0,37.7543541663,-122.4711419897,research,4,2019,112,56.8,85,11.2,867.0,0
22973629,2019-04-23,10.0,37.7897,-122.474,research,4,2019,113,60.6,84,3.5,543.0,85
23014361,2019-04-24,10.0,37.7913894653,-122.4755554199,research,4,2019,114,58.7,90,1.6,546.0,0
25415627,2019-04-26,10.0,37.7563557781,-122.4717669163,research,4,2019,116,55.6,80,6.3,554.0,75
25415621,2019-04-26,10.0,37.7563584854,-122.4716323203,research,4,2019,116,55.6,80,6.3,554.0,75
24527540,2019-05-04,11.0,37.7489210962,-122.4718643911,research,5,2019,124,52.4,77,9.7,732.0,29
24528569,2019-05-04,11.0,37.7488238644,-122.4714951498,research,5,2019,124,52.2,77,9.7,732.0,29
26720689,2019-06-08,21.0,37.7446621484,-122.4117152642,research,6,2019,159,63.2,76,6.5,7.0,86
39018432,2020-02-21,13.0,37.79152833,-122.47560833,research,2,2020,52,61.2,48,6.7,669.0,83
39545873,2020-03-04,13.0,37.78785833,-122.47859167,research,3,2020,64,64.9,54,4.4,734.0,67
40260763,2020-03-19,15.0,37.7488628407,-122.4714563414,research,3,2020,79,54.0,60,1.9,739.0,19
40551126,2020-03-22,14.0,37.74891797,-122.47147832,research,3,2020,82,59.7,67,2.7,778.0,22
40773785,2020-03-26,13.0,37.7902655024,-122.4759089762,research,3,2020,86,52.1,58,4.5,827.0,20
41791341,2020-04-09,15.0,37.75444254,-122.47088643,research,4,2020,100,56.5,81,4.0,728.0,38
41793294,2020-04-09,15.0,37.75472726,-122.47077977,research,4,2020,100,56.4,81,4.0,728.0,38
42142152,2020-04-10,13.0,37.74884167,-122.47153667,research,4,2020,101,54.6,86,15.2,839.0,42
42142104,2020-04-10,13.0,37.74885833,-122.47157167,research,4,2020,101,54.6,86,15.2,839.0,42
42142138,2020-04-10,13.0,37.74885833,-122.47157167,research,4,2020,101,54.6,86,15.2,839.0,42
41950808,2020-04-11,14.0,37.7488233403,-122.4715364724,research,4,2020,102,53.6,78,12.5,843.0,10
41943988,2020-04-11,14.0,37.7488847,-122.47161756,research,4,2020,102,53.6,78,12.5,843.0,10
41944034,2020-04-11,14.0,37.74874511,-122.47162528,research,4,2020,102,53.6,78,12.5,843.0,10
141785163,2020-04-12,15.0,37.754455,-122.4708033333,research,4,2020,103,53.5,91,11.2,842.0,23
42119954,2020-04-13,14.0,37.75660754,-122.47169497,research,4,2020,104,57.8,86,5.2,913.0,0
42203464,2020-04-13,14.0,37.7560765553,-122.4719886241,research,4,2020,104,57.8,86,5.2,913.0,0
42219971,2020-04-14,12.0,37.7908163835,-122.4745876502,research,4,2020,105,63.0,56,5.8,861.0,0
42206228,2020-04-14,17.0,37.74886094,-122.47153239,research,4,2020,105,59.3,66,16.0,604.0,0
42267288,2020-04-15,12.0,37.748838278,-122.4716154361,research,4,2020,106,58.3,80,5.8,841.0,3
42531277,2020-04-15,16.0,37.789525,-122.48090333,research,4,2020,106,58.0,79,12.6,754.0,50
42518399,2020-04-18,15.0,37.75660496,-122.47188455,research,4,2020,109,56.2,72,12.4,811.0,47
320709576,2020-04-19,10.0,37.7562339998,-122.4735130778,research,4,2020,110,56.0,70,7.8,466.0,89
42799907,2020-04-21,16.0,37.7487936058,-122.4714555034,research,4,2020,112,55.8,74,21.4,768.0,3
42917732,2020-04-22,12.0,37.7487868588,-122.4714189506,research,4,2020,113,59.2,73,11.5,836.0,4
42920445,2020-04-22,12.0,37.748957,-122.471413,research,4,2020,113,59.2,73,11.5,836.0,4
43173270,2020-04-24,14.0,37.748845,-122.47142,research,4,2020,115,62.5,68,19.0,936.0,13
43452937,2020-04-25,14.0,37.74884607,-122.47159096,research,4,2020,116,59.9,80,16.8,870.0,99
43817771,2020-04-26,15.0,37.75022833,-122.47045,research,4,2020,117,56.6,75,21.3,894.0,0
44589405,2020-04-27,16.0,37.7878,-122.47776167,research,4,2020,118,60.9,74,21.9,758.0,44
44801000,2020-05-01,11.0,37.7489033653,-122.47163467,research,5,2020,122,54.4,70,13.8,760.0,0
44582637,2020-05-01,14.0,37.7488767961,-122.4716023543,research,5,2020,122,55.8,67,18.5,955.0,0
44938209,2020-05-04,17.0,37.7486111111,-122.4713888889,research,5,2020,125,57.8,60,16.7,651.0,63
44938274,2020-05-04,18.0,37.7486111111,-122.4711111111,research,5,2020,125,57.1,60,18.6,455.0,0
45305082,2020-05-08,13.0,37.7541666667,-122.4708333333,research,5,2020,129,60.1,75,8.5,955.0,80
45305262,2020-05-08,13.0,37.7544444444,-122.4711111111,research,5,2020,129,60.1,75,8.5,955.0,80
45319768,2020-05-08,16.0,37.790215894,-122.4809275568,research,5,2020,129,59.6,76,15.3,759.0,98
45655470,2020-05-10,12.0,37.7486111111,-122.4713888889,research,5,2020,131,56.5,75,15.1,830.0,51
46493094,2020-05-18,17.0,37.7486111111,-122.4713888889,research,5,2020,139,57.7,68,13.7,617.0,32
46974584,2020-05-21,13.0,37.79851167,-122.47955333,research,5,2020,142,59.7,79,12.9,969.0,0
47579430,2020-05-27,17.0,37.7486111111,-122.4713888889,research,5,2020,148,61.5,70,18.8,673.0,1
72388163,2021-03-29,12.0,37.7489,-122.4713666667,research,3,2021,88,50.6,79,13.9,787.0,0
72483832,2021-03-30,14.0,37.7488888889,-122.4711111111,research,3,2021,89,64.5,31,6.5,911.0,0
72731402,2021-03-31,11.0,37.7580297191,-122.4727296661,research,3,2021,90,61.4,47,9.7,666.0,0
72637576,2021-04-01,14.0,37.7544211389,-122.4708996111,research,4,2021,91,68.3,47,6.0,906.0,0
73213209,2021-04-07,10.0,37.7906284845,-122.4731437647,research,4,2021,97,50.6,76,15.7,450.0,34
73214975,2021-04-07,10.0,37.7915022754,-122.475585166,research,4,2021,97,50.4,76,15.7,450.0,34
73354560,2021-04-08,17.0,37.7486111111,-122.4713888889,research,4,2021,98,52.0,73,19.8,598.0,1
73521979,2021-04-10,11.0,37.7488577783,-122.4715024912,research,4,2021,100,48.9,82,3.5,694.0,5
73558130,2021-04-10,11.0,37.754158357,-122.471101284,research,4,2021,100,48.9,82,3.5,694.0,5
73546943,2021-04-10,12.0,37.7488728,-122.4715290997,research,4,2021,100,50.2,79,8.8,827.0,9
73547575,2021-04-10,13.0,37.748825,-122.47158,research,4,2021,100,51.8,73,12.1,901.0,64
73547659,2021-04-10,13.0,37.7488333333,-122.4716033333,research,4,2021,100,51.8,73,12.1,901.0,64
73547716,2021-04-10,13.0,37.7488883333,-122.4712916667,research,4,2021,100,51.8,73,12.1,901.0,64
73546591,2021-04-10,13.0,37.7488853997,-122.4714283997,research,4,2021,100,51.8,73,12.1,901.0,64
73547770,2021-04-10,13.0,37.7488533333,-122.4714133333,research,4,2021,100,51.8,73,12.1,901.0,64
73547802,2021-04-10,14.0,37.7488166667,-122.471595,research,4,2021,100,53.0,71,14.5,915.0,32
73546842,2021-04-10,15.0,37.7926942434,-122.4320080876,research,4,2021,100,58.4,62,14.6,865.0,2
73547182,2021-04-10,15.0,37.7488360653,-122.4714449421,research,4,2021,100,53.5,70,18.5,867.0,4
73710658,2021-04-11,10.0,37.790417,-122.473204,research,4,2021,101,51.0,80,6.3,504.0,99
74188080,2021-04-13,16.0,37.7488718542,-122.4713524058,research,4,2021,103,52.3,65,23.0,779.0,0
74188202,2021-04-13,16.0,37.7488092898,-122.4715733528,research,4,2021,103,52.3,65,23.0,779.0,0
73978467,2021-04-14,11.0,37.7926373553,-122.4560596498,research,4,2021,104,54.5,75,4.3,714.0,0
139006098,2021-04-24,14.0,37.75465,-122.4707277778,research,4,2021,114,54.3,72,15.5,761.0,80
75345238,2021-04-26,12.0,37.792250164,-122.4571872212,research,4,2021,116,52.5,70,14.7,747.0,13
77682117,2021-05-02,12.0,37.7909426104,-122.4737219841,research,5,2021,122,65.0,55,12.9,891.0,33
77157681,2021-05-03,18.0,37.7488536829,-122.4716266425,research,5,2021,123,57.7,66,19.1,449.0,8
77161421,2021-05-03,18.0,37.7488821509,-122.4713745211,research,5,2021,123,57.7,66,19.1,449.0,8
77356091,2021-05-04,11.0,37.748861797,-122.4713571253,research,5,2021,124,58.4,72,8.1,757.0,0
79214814,2021-05-04,11.0,37.7961349722,-122.456438,research,5,2021,124,61.5,68,7.4,757.0,0
77358932,2021-05-04,13.0,37.748836442,-122.4714084316,research,5,2021,124,58.9,70,13.7,945.0,0
77352084,2021-05-04,13.0,37.74875,-122.4717783333,research,5,2021,124,59.0,70,13.7,945.0,0
77358342,2021-05-04,13.0,37.748871939,-122.4714127071,research,5,2021,124,58.9,70,13.7,945.0,0
77352071,2021-05-04,13.0,37.7488866667,-122.4713583333,research,5,2021,124,58.9,70,13.7,945.0,0
77759330,2021-05-06,12.0,37.7488533333,-122.471405,research,5,2021,126,53.2,84,20.6,772.0,81
77759359,2021-05-06,12.0,37.74878,-122.4717166667,research,5,2021,126,53.4,84,20.6,772.0,81
78175831,2021-05-08,14.0,37.7489052802,-122.4711206514,research,5,2021,128,62.9,52,18.3,993.0,0
78298849,2021-05-10,13.0,37.748855,-122.471505,research,5,2021,130,58.3,65,14.1,975.0,0
78298890,2021-05-10,13.0,37.7488466667,-122.4718866667,research,5,2021,130,58.3,65,14.1,975.0,0
78423515,2021-05-11,11.0,37.7488634873,-122.4713122323,research,5,2021,131,60.3,63,6.4,762.0,2
79329536,2021-05-18,11.0,37.7487966667,-122.471595,research,5,2021,138,57.4,67,19.9,790.0,0
82494176,2021-06-10,17.0,37.7648262984,-122.4381072603,needs_id,6,2021,161,57.6,64,21.5,704.0,0
82774249,2021-06-12,12.0,37.7488366667,-122.4714366667,research,6,2021,163,62.1,81,12.1,867.0,57
107796043,2022-03-02,15.0,37.748825196,-122.4715347961,research,3,2022,61,52.0,90,11.7,581.0,100
107957931,2022-03-05,9.0,37.792257559,-122.4563828146,research,3,2022,64,45.0,71,11.0,125.0,0
108402669,2022-03-11,16.0,37.7488368606,-122.4714972451,research,3,2022,70,56.9,56,9.6,661.0,0
108615805,2022-03-14,15.0,37.7544815997,-122.4707865997,research,3,2022,73,53.9,72,11.0,741.0,39
108744298,2022-03-16,12.0,37.7922721107,-122.4568210343,research,3,2022,75,54.8,84,5.7,696.0,99
109238022,2022-03-18,10.0,37.7945067189,-122.4787113816,research,3,2022,77,51.2,86,4.4,364.0,8
108957468,2022-03-18,14.0,37.7488116667,-122.471505,research,3,2022,77,51.8,86,11.0,784.0,18
108957493,2022-03-18,14.0,37.7488833333,-122.47152,research,3,2022,77,51.8,86,11.0,784.0,18
108957524,2022-03-18,14.0,37.7488633333,-122.4715283333,research,3,2022,77,51.8,86,11.0,784.0,18
108957552,2022-03-18,14.0,37.7488783333,-122.4714883333,research,3,2022,77,51.8,86,11.0,784.0,18
108957630,2022-03-18,14.0,37.7488966667,-122.4713283333,research,3,2022,77,51.8,86,11.0,784.0,18
108957644,2022-03-18,14.0,37.748905,-122.4713366667,research,3,2022,77,51.8,86,11.0,784.0,18
109084425,2022-03-20,10.0,37.8060560457,-122.4771785997,research,3,2022,79,50.1,71,2.9,414.0,16
109179179,2022-03-21,15.0,37.7488666667,-122.47142,research,3,2022,80,57.2,70,16.8,771.0,0
109252231,2022-03-22,12.0,37.7566914605,-122.4718352035,research,3,2022,81,64.3,79,3.6,726.0,0
109792084,2022-03-28,14.0,37.7489280556,-122.4713134722,research,3,2022,87,53.8,80,9.5,827.0,84
110070826,2022-03-30,1.0,37.791463306,-122.475635122,research,3,2022,89,49.5,88,14.2,0.0,34
109952339,2022-03-30,13.0,37.7930993619,-122.4574310706,research,3,2022,89,55.0,75,16.1,817.0,99
110037875,2022-03-31,10.0,37.7926958721,-122.456910129,research,3,2022,90,53.2,82,5.8,399.0,100
110403688,2022-04-01,13.0,37.792682284,-122.4566591733,research,4,2022,91,56.2,84,11.7,868.0,2
110316938,2022-04-03,12.0,37.7979694444,-122.4801833333,research,4,2022,93,59.1,65,12.5,820.0,4
110539179,2022-04-05,14.0,37.7487761728,-122.4713941427,research,4,2022,95,55.4,67,15.4,893.0,0
110638165,2022-04-06,15.0,37.7927109173,-122.45539418,research,4,2022,96,65.6,64,15.5,857.0,0
110734902,2022-04-07,23.0,37.7564316862,-122.4717450142,research,4,2022,97,57.5,65,8.1,0.0,58
110818986,2022-04-08,10.0,37.793005739,-122.4554695773,research,4,2022,98,58.9,78,3.5,500.0,18
110878394,2022-04-09,12.0,37.74882833,-122.47163522,research,4,2022,99,54.9,67,16.0,839.0,0
110878850,2022-04-09,12.0,37.748805,-122.4715366667,research,4,2022,99,54.9,67,16.0,839.0,0
110879018,2022-04-09,12.0,37.74884885,-122.47161108,research,4,2022,99,54.9,67,16.0,839.0,0
112506157,2022-04-22,14.0,37.7931111219,-122.4567365339,research,4,2022,112,55.8,75,20.4,830.0,26
112939979,2022-04-24,16.0,37.793224929,-122.4553721398,needs_id,4,2022,114,59.9,75,16.5,784.0,0
113061449,2022-04-24,16.0,37.7926883242,-122.456557798,research,4,2022,114,59.9,75,16.5,784.0,0
114854144,2022-05-02,13.0,37.7488512164,-122.4716334827,research,5,2022,122,53.4,72,23.9,918.0,100
116907160,2022-05-13,,37.7488108804,-122.4715086445,research,5,2022,133,56.0,74,4.2,593.0,0
117688454,2022-05-18,16.0,37.7488466667,-122.4716033333,research,5,2022,138,66.2,55,24.2,812.0,20
153274689,2023-04-02,12.0,37.748812206,-122.4715780467,research,4,2023,92,50.4,65,18.2,794.0,72
154983278,2023-04-08,13.0,37.7396383333,-122.4486,research,4,2023,98,52.2,80,3.7,691.0,100
154024149,2023-04-08,15.0,37.7489133333,-122.4714583333,research,4,2023,98,52.5,77,8.5,616.0,95
154201552,2023-04-09,13.0,37.8019166667,-122.4790883333,research,4,2023,99,60.3,67,6.5,873.0,10
154747548,2023-04-13,13.0,37.7555555556,-122.4716666667,research,4,2023,103,50.1,67,17.3,927.0,0
157747302,2023-04-14,13.0,37.7488533333,-122.4716633333,research,4,2023,104,49.8,80,16.1,915.0,17
157919115,2023-04-14,13.0,37.7488216667,-122.4716416667,research,4,2023,104,49.8,80,16.1,915.0,17
155254896,2023-04-16,11.0,37.7490226944,-122.4714961944,research,4,2023,106,50.4,71,13.7,663.0,28
155255151,2023-04-16,11.0,37.7488278471,-122.4715465307,research,4,2023,106,50.4,71,13.7,663.0,28
155553946,2023-04-18,16.0,37.7915084376,-122.475524663,research,4,2023,108,50.7,60,18.7,746.0,32
155839188,2023-04-20,13.0,37.7489037867,-122.4711406496,research,4,2023,110,53.5,71,12.3,896.0,96
155968276,2023-04-21,16.0,37.754528679,-122.4707663432,research,4,2023,111,56.6,82,18.3,745.0,51
155968905,2023-04-21,16.0,37.7544963389,-122.4707690254,research,4,2023,111,56.6,82,18.3,745.0,51
155969031,2023-04-21,16.0,37.7546233136,-122.4707857892,research,4,2023,111,56.6,82,18.3,745.0,51
156421111,2023-04-23,14.0,37.7488599246,-122.4713436887,research,4,2023,113,54.6,84,23.6,937.0,0
157869643,2023-04-29,13.0,37.7490042778,-122.4716274722,research,4,2023,119,49.7,89,15.7,740.0,100
157803618,2023-04-29,13.0,37.7488216667,-122.47165,research,4,2023,119,49.7,89,15.7,740.0,100
157771869,2023-04-29,13.0,37.7488466667,-122.4716116667,research,4,2023,119,49.7,89,15.7,740.0,100
159251008,2023-04-29,14.0,37.7488472222,-122.4716027778,research,4,2023,119,50.9,87,15.5,751.0,96
190461931,2023-04-30,5.0,37.7549829367,-122.4725400556,research,4,2023,120,48.6,95,19.2,0.0,99
160691095,2023-05-08,14.0,37.7489028713,-122.4713969976,research,5,2023,128,54.0,79,10.8,876.0,37
160649786,2023-05-08,16.0,37.7964538509,-122.4815306926,research,5,2023,128,55.9,70,16.0,795.0,24
161177824,2023-05-11,11.0,37.7489161944,-122.4717835833,research,5,2023,131,53.0,83,10.7,570.0,98
164587141,2023-05-21,15.0,37.7534277778,-122.471125,research,5,2023,141,55.6,87,11.8,835.0,100
163054482,2023-05-21,16.0,37.7488638889,-122.4714138889,research,5,2023,141,55.0,89,13.6,731.0,89
166154179,2023-05-22,14.0,37.7496267357,-122.4700471744,research,5,2023,142,55.7,85,14.6,833.0,70
166154180,2023-05-22,14.0,37.7496267357,-122.4700471744,research,5,2023,142,55.7,85,14.6,833.0,70
203240984,2024-03-17,12.0,37.7488416667,-122.471595,research,3,2024,77,57.8,79,4.9,712.0,12
203404218,2024-03-21,14.0,37.748905,-122.4713666667,research,3,2024,81,57.5,79,11.0,823.0,37
203404186,2024-03-21,14.0,37.7489366667,-122.4713216667,research,3,2024,81,57.5,79,11.0,823.0,37
203939698,2024-03-25,14.0,37.79222102,-122.45731374,research,3,2024,85,56.6,72,18.6,827.0,79
203943108,2024-03-25,14.0,37.7488874953,-122.471248135,research,3,2024,85,53.7,75,19.0,819.0,85
204679629,2024-03-30,14.0,37.7488473182,-122.4714909187,research,3,2024,90,56.1,67,14.3,816.0,46
205142555,2024-04-02,12.0,37.7544950135,-122.470815964,research,4,2024,93,57.0,87,7.0,714.0,26
207089790,2024-04-12,14.0,37.748895,-122.4713966667,research,4,2024,103,55.3,69,17.4,747.0,95
207529767,2024-04-15,15.0,37.8019359922,-122.4783008187,research,4,2024,106,58.3,78,9.2,694.0,52
207529765,2024-04-15,15.0,37.8019491473,-122.4783115476,research,4,2024,106,58.3,78,9.2,694.0,52
207674319,2024-04-16,15.0,37.7902835874,-122.4736826577,research,4,2024,107,61.4,76,12.9,828.0,59
207674318,2024-04-16,15.0,37.7901617081,-122.473262892,research,4,2024,107,61.4,76,12.9,828.0,59
208552130,2024-04-21,12.0,37.7521868977,-122.4708146229,research,4,2024,112,58.6,90,3.5,847.0,0
212669064,2024-04-21,13.0,37.7901366667,-122.4732133333,research,4,2024,112,63.6,81,4.7,919.0,0
208782605,2024-04-22,13.0,37.7490366667,-122.4716033333,research,4,2024,113,61.2,74,17.6,916.0,10
211042927,2024-04-28,12.0,37.7546314145,-122.4710170815,research,4,2024,119,59.0,69,20.7,876.0,0
211051128,2024-04-28,12.0,37.754635918,-122.4709857815,research,4,2024,119,59.0,69,20.7,876.0,0
211043211,2024-04-28,12.0,37.7546168647,-122.4709910911,research,4,2024,119,59.0,69,20.7,876.0,0
211043441,2024-04-28,12.0,37.7546370604,-122.4709959609,research,4,2024,119,59.0,69,20.7,876.0,0
211051203,2024-04-28,12.0,37.7547112428,-122.4709692824,research,4,2024,119,59.0,69,20.7,876.0,0
211125042,2024-04-28,12.0,37.75467,-122.47097,research,4,2024,119,59.0,69,20.7,876.0,0
211051431,2024-04-28,12.0,37.75435792,-122.47101195,research,4,2024,119,59.0,69,20.7,876.0,0
211134055,2024-04-28,12.0,37.754395,-122.4710166667,research,4,2024,119,59.0,69,20.7,876.0,0
211202869,2024-04-28,12.0,37.75436,-122.4709733333,research,4,2024,119,59.0,69,20.7,876.0,0
211055276,2024-04-28,12.0,37.753951032,-122.4710320586,research,4,2024,119,59.0,69,20.7,876.0,0
211058858,2024-04-28,12.0,37.75428272,-122.47100595,research,4,2024,119,59.0,69,20.7,876.0,0
211083632,2024-04-28,12.0,37.7543116667,-122.471,research,4,2024,119,59.0,69,20.7,876.0,0
211064038,2024-04-28,12.0,37.75431668,-122.47101807,research,4,2024,119,59.0,69,20.7,876.0,0
211079865,2024-04-28,12.0,37.7544533333,-122.4710466667,research,4,2024,119,59.0,69,20.7,876.0,0
211868924,2024-04-29,13.0,37.7539659784,-122.4711174744,research,4,2024,120,59.4,57,21.2,965.0,0
212914746,2024-04-30,8.0,37.7912625234,-122.4730508255,research,4,2024,121,50.5,70,2.2,182.0,23
213018971,2024-05-02,16.0,37.7558463954,-122.4719770253,research,5,2024,123,58.7,70,25.8,775.0,0
214794674,2024-05-09,15.0,37.7488575387,-122.4713446945,research,5,2024,130,79.1,24,7.4,923.0,0
218254269,2024-05-25,15.0,37.7543416667,-122.4709466667,research,5,2024,146,54.9,64,20.4,932.0,0
221979565,2024-06-05,15.0,37.7502439402,-122.4708724097,research,6,2024,157,64.7,59,16.1,917.0,0
266678031,2025-03-23,11.0,37.7487875733,-122.4716243275,research,3,2025,82,54.0,90,1.6,500.0,100
266931132,2025-03-25,11.0,37.7903407,-122.4739095,research,3,2025,84,68.2,66,2.6,565.0,39
267067908,2025-03-25,11.0,37.7901083333,-122.474945,research,3,2025,84,68.2,66,2.6,565.0,39
267067890,2025-03-25,11.0,37.79007,-122.4749216667,research,3,2025,84,68.2,66,2.6,565.0,39
266936789,2025-03-25,11.0,37.7898230997,-122.4738446,research,3,2025,84,68.2,66,2.6,565.0,39
266942338,2025-03-25,12.0,37.7545495,-122.4707243,research,3,2025,84,69.1,68,5.6,722.0,65
268722031,2025-03-28,11.0,37.7896472222,-122.47385,research,3,2025,87,56.4,65,10.3,496.0,30
267378809,2025-03-28,11.0,37.7898579,-122.4735926997,research,3,2025,87,56.4,65,10.3,496.0,30
277049968,2025-03-30,13.0,37.7930527778,-122.4553388889,research,3,2025,89,59.3,81,16.1,399.0,57
267816755,2025-03-30,14.0,37.7930179177,-122.458174208,research,3,2025,89,61.0,74,16.0,646.0,36
268577938,2025-04-04,10.0,37.792043661,-122.4572812346,research,4,2025,94,52.7,88,1.3,421.0,69
268580034,2025-04-04,10.0,37.78955,-122.4745416667,research,4,2025,94,51.9,88,1.3,421.0,69
268595241,2025-04-04,11.0,37.7903166667,-122.4747916667,needs_id,4,2025,94,55.8,74,1.1,599.0,34
268645658,2025-04-04,11.0,37.7875822269,-122.4786926679,research,4,2025,94,55.6,85,2.0,622.0,14
277412629,2025-04-06,13.0,37.7504073755,-122.470757369,research,4,2025,96,56.3,74,7.8,872.0,98
270052116,2025-04-08,11.0,37.7911533333,-122.481605,research,4,2025,98,56.5,78,4.8,633.0,24
269354850,2025-04-08,14.0,37.7488832537,-122.4712585285,research,4,2025,98,55.8,74,9.3,849.0,7
269467569,2025-04-09,8.0,37.7893833333,-122.4746033333,research,4,2025,99,52.1,85,1.7,100.0,0
272520512,2025-04-09,11.0,37.7897981817,-122.4737939177,needs_id,4,2025,99,62.9,56,0.7,678.0,0
269503958,2025-04-09,12.0,37.7895535058,-122.474537831,research,4,2025,99,67.7,47,2.5,812.0,0
269504275,2025-04-09,12.0,37.7896116667,-122.4745116667,research,4,2025,99,67.7,47,2.5,812.0,0
269504781,2025-04-09,12.0,37.7895883333,-122.474455,research,4,2025,99,67.7,47,2.5,812.0,0
269506550,2025-04-09,12.0,37.789555,-122.474455,research,4,2025,99,67.7,47,2.5,812.0,0
269520567,2025-04-09,12.0,37.7501530566,-122.4705611657,research,4,2025,99,62.6,62,3.3,812.0,0
269507090,2025-04-09,12.0,37.7502506308,-122.4705473506,research,4,2025,99,62.6,62,3.3,812.0,0
277415190,2025-04-09,12.0,37.7563116523,-122.4731353221,research,4,2025,99,63.2,62,3.3,812.0,0
269795633,2025-04-09,14.0,37.7983471944,-122.4795222222,research,4,2025,99,69.7,48,8.6,894.0,22
269713463,2025-04-10,15.0,37.7894214959,-122.4748562489,research,4,2025,100,66.4,52,11.6,818.0,98
269836796,2025-04-11,11.0,37.7924915997,-122.457261,research,4,2025,101,63.8,66,6.7,672.0,92
270124019,2025-04-12,13.0,37.792278,-122.4577419722,needs_id,4,2025,102,63.0,48,5.4,913.0,0
270124020,2025-04-12,13.0,37.792278,-122.4577419722,needs_id,4,2025,102,63.0,48,5.4,913.0,0
270251701,2025-04-13,11.0,37.7897039988,-122.475919202,needs_id,4,2025,103,62.2,52,2.9,706.0,0
270273758,2025-04-13,13.0,37.7559047127,-122.4719478562,research,4,2025,103,64.5,46,4.7,901.0,14
270279777,2025-04-13,13.0,37.7545550997,-122.4707424,research,4,2025,103,64.2,46,4.7,901.0,14
271830326,2025-04-20,14.0,37.7522646997,-122.4708368,research,4,2025,110,56.7,69,8.8,890.0,23
271830656,2025-04-20,15.0,37.752379619,-122.4708250165,research,4,2025,110,56.6,70,9.0,868.0,8
271830968,2025-04-20,15.0,37.7541021591,-122.4709722027,research,4,2025,110,56.6,70,9.0,868.0,8
272083912,2025-04-21,15.0,37.7522998266,-122.4708206579,research,4,2025,111,58.2,71,8.4,886.0,15
272084172,2025-04-21,15.0,37.7502805,-122.4705725,research,4,2025,111,58.1,71,8.4,886.0,15
272084273,2025-04-21,15.0,37.7502400997,-122.4706154997,research,4,2025,111,58.1,71,8.4,886.0,15
272084342,2025-04-21,15.0,37.7501962997,-122.4705718,research,4,2025,111,58.1,71,8.4,886.0,15
282477478,2025-04-22,11.0,37.787995,-122.478255,research,4,2025,112,57.7,73,9.5,608.0,99
273351199,2025-04-25,13.0,37.7933106665,-122.4743018786,research,4,2025,115,56.4,51,8.8,691.0,64
275140804,2025-04-27,12.0,37.7523576,-122.4708408997,research,4,2025,117,53.7,77,11.4,497.0,100
274940289,2025-04-27,12.0,37.7524334173,-122.4708051051,research,4,2025,117,53.7,77,11.4,497.0,100
274984330,2025-04-27,13.0,37.748905,-122.4713216667,research,4,2025,117,53.4,77,12.7,514.0,100
277506410,2025-04-27,13.0,37.7488892318,-122.4714382897,research,4,2025,117,53.4,77,12.7,514.0,100
276079935,2025-04-28,13.0,37.7524051997,-122.4708088,research,4,2025,118,55.2,74,8.1,936.0,1
276080346,2025-04-28,13.0,37.7523641,-122.4708506997,research,4,2025,118,55.2,74,8.1,936.0,1
276737299,2025-04-29,12.0,37.756587816,-122.4717792124,research,4,2025,119,58.8,69,8.1,863.0,9
277256100,2025-04-30,13.0,37.7503283333,-122.4705283333,research,4,2025,120,61.7,62,8.8,927.0,0
278852561,2025-05-05,14.0,37.7523838605,-122.4708206579,research,5,2025,125,76.9,16,6.7,980.0,77
278852682,2025-05-05,14.0,37.7543004421,-122.4709779024,research,5,2025,125,77.0,16,6.7,980.0,77
279631038,2025-05-08,12.0,37.7523717976,-122.4708322402,research,5,2025,128,60.7,62,5.0,865.0,6
280905637,2025-05-13,16.0,37.7523332174,-122.4708004974,research,5,2025,133,58.0,61,13.2,776.0,17
286181654,2025-05-31,13.0,37.7500383333,-122.4705283333,research,5,2025,151,61.4,62,10.7,975.0,0
339929355,2026-02-23,11.0,37.7923383617,-122.4568808701,research,2,2026,54,53.9,92,3.3,328.0,96
342314805,2026-03-10,14.0,37.7544338,-122.4710359,research,3,2026,69,57.9,57,13.2,777.0,52
343563255,2026-03-15,12.0,37.7580333333,-122.4727383333,research,3,2026,74,62.7,67,1.7,654.0,98
343192491,2026-03-15,13.0,37.79247,-122.4577116667,needs_id,3,2026,74,69.3,49,4.3,744.0,86
343737199,2026-03-18,17.0,37.7961188366,-122.4776466945,research,3,2026,77,77.4,46,8.3,510.0,1
343878692,2026-03-19,11.0,37.757995,-122.472725,research,3,2026,78,64.2,70,3.1,573.0,0
343866648,2026-03-19,12.0,37.7542047467,-122.4708665907,research,3,2026,78,68.4,65,3.1,703.0,1
343866530,2026-03-19,13.0,37.7542288694,-122.470995672,research,3,2026,78,72.1,66,3.0,779.0,3
343866244,2026-03-19,13.0,37.7545056168,-122.4707324803,research,3,2026,78,71.9,66,3.0,779.0,3
344112106,2026-03-20,14.0,37.7580133333,-122.472655,research,3,2026,79,75.8,54,5.6,831.0,3
344112179,2026-03-20,15.0,37.7563383333,-122.4729783333,research,3,2026,79,73.9,53,6.8,783.0,0
344712877,2026-03-21,11.0,37.7905883333,-122.4757466667,research,3,2026,80,64.0,59,1.3,558.0,99
344267292,2026-03-21,12.0,37.7925102997,-122.4577084997,research,3,2026,80,68.8,52,4.1,699.0,98
344910133,2026-03-24,8.0,37.79108,-122.4820416667,research,3,2026,83,53.7,70,2.2,44.0,0
344981189,2026-03-24,13.0,37.7556505023,-122.4719408154,research,3,2026,83,64.9,49,7.6,839.0,0
344981319,2026-03-24,13.0,37.7558896032,-122.4719364569,research,3,2026,83,64.9,49,7.6,839.0,0
344981502,2026-03-24,13.0,37.7543155519,-122.4709990248,research,3,2026,83,64.8,49,7.6,839.0,0
345167413,2026-03-25,13.0,37.7502509092,-122.4705648422,research,3,2026,84,61.3,75,14.7,808.0,64
345167316,2026-03-25,13.0,37.7488771563,-122.471398674,needs_id,3,2026,84,61.6,75,14.7,808.0,64
